commentId,content,publishedTime,replyLevel,authorButtonA11y,imageAttachmentMaxHeight,video_id,likeCountLiked,likeCountDisliked,replyCount
UgxYnxEheDZvIYWY2bp4AaABAg,This is Hall of Fame worthy stuff right here :face-purple-crying::text-green-game-over::hand-orange-covering-eyes::trophy-yellow-smiling:,9 minutes ago,0,@orodcollects,24.0,B6qaZfeDIH8,1,,
UgynZD5zb7Vi-FmJ6Jl4AaABAg,UFC and Boxing vids do really good here! Let's go,2 hours ago,0,@sportshulk8109,,B6qaZfeDIH8,1,,
Ugy7LZ6ieG-vBH48e294AaABAg,I knew it,2 hours ago,0,@theoriginaltimetraveller,,B6qaZfeDIH8,1,,
Ugw8VBLiCpe0NKyQZAF4AaABAg,It's like saying to the AI: Make a video of Jon Jones after taking truth serum,3 hours ago,0,@klaasvanstrien989,,B6qaZfeDIH8,1,,
UgwLPhO02pPf8ual8fR4AaABAg,Brilliant and true.,3 hours ago,0,@ThomasYoung-my4qi,,B6qaZfeDIH8,1,,
UgyT8Pof9_QsjoYXRoB4AaABAg,Fake AI,3 hours ago,0,@mickeycavalier1693,,B6qaZfeDIH8,1,,
Ugw4nSvPAVjzzb7Lypl4AaABAg,Fucking AI,3 hours ago,0,@timepluss6956,,B6qaZfeDIH8,1,,
UgzCA4jyagag4_-vN_Z4AaABAg,"""my soul fiiled for Unemployment""",3 hours ago,0,@SatSingh-mm4gg,,B6qaZfeDIH8,1,,
UgyuGVO7iWpABzQU8uF4AaABAg,Aspinall is an irrelevant nobody without chirping about Jones lol. Zero belts or legacy,4 hours ago,0,@truthtellers-b5e,,B6qaZfeDIH8,1,,
Ugz8ukSWJYXcNct8nMR4AaABAg,Dope💯,4 hours ago,0,@Saber_Matrix,,B6qaZfeDIH8,1,,
UgzL8ejJ9hNy9KCSoll4AaABAg,CLICKBAIT DON'T WASTE YOUR TIME,4 hours ago,0,@Yahn-b5r,,B6qaZfeDIH8,1,,
Ugw1_s78jjiVwQyOov94AaABAg,This feels accurate.,4 hours ago,0,@scott5476,,B6qaZfeDIH8,1,,
Ugx5R9swdxvSL8oePhl4AaABAg,"Jon Jones ducked Jan Blachowicz, Francis Ngannou, and Tom Aspinall",5 hours ago,0,@jayherbogaming,,B6qaZfeDIH8,1,,
UgzskXvhSwnmfv6S4yV4AaABAg,Jon jones will be remembered as a frightened DUCK nothing more🤣🤣🤣🤣🤣🤣🤣🤣🤣🤣🤣,5 hours ago,0,@llllllNYU,,B6qaZfeDIH8,2,,
UgwtuOGuQ5-CxmlwKgV4AaABAg,Im fucking dead lol fucking gummies hitting. Full time duck 😂,5 hours ago,0,@highmiteyhoe3906,,B6qaZfeDIH8,1,,
UgwyJD0qUTUvhYo7tRt4AaABAg,If Jon would have just Listened. Alot of People told gim to Stop Driving. They knew he wouldn't stop partying.,5 hours ago,0,@JohnWinkelman-t4s,,B6qaZfeDIH8,1,,
Ugw0u7QM9qqXtWHd1DV4AaABAg,Really? So Tom Made you Retire the Same way you Lived your Life your whole Career? Involved in Another Intoxicated Car Crash Running from the Scene leaving behind a Naked Hooker in rhe car?,5 hours ago,0,@JohnWinkelman-t4s,,B6qaZfeDIH8,1,,
UgyaekBWWGzN9AdKj0x4AaABAg,Aspinall anxiety 😂😂😂,6 hours ago,0,@philabrd,,B6qaZfeDIH8,1,,
UgxyExEI4Ak46rngWRp4AaABAg,"Jordan Peterson was right after all…
Fiction is a metatruth.  It’s more real than real.",6 hours ago,0,@kanenas9607,,B6qaZfeDIH8,1,,
UgxN0KNagJ-4JmtVzgR4AaABAg,Doat 😂😂😂,6 hours ago,0,@Fragdaddy1042,,B6qaZfeDIH8,1,,
UgwsqOrUX3cGRtJnD-h4AaABAg,I guess they ran out of steroids  😅,6 hours ago,0,@marktzu5117,,B6qaZfeDIH8,1,,
UgxjLB91D3tGrCCb8k94AaABAg,Im the 1000th like 📌,6 hours ago,0,@JannieBon,,B6qaZfeDIH8,1,,
Ugz_pxBmIdsUQlYJNsF4AaABAg,"Hahahah dude is old, theres always someone new. He deserves to retire.",6 hours ago (edited),0,@lsplan21,,B6qaZfeDIH8,1,,
UgykgQ8JUc7Ywu5EykJ4AaABAg,AI 😂😂😂,7 hours ago,0,@hritiksingh1297,,B6qaZfeDIH8,1,,
Ugwts_zCkSf-89XxsjF4AaABAg,Not fake cause its 100% true.,7 hours ago,0,@teddymills1,,B6qaZfeDIH8,3,,
UgzSlJav5OmZiQHyZLt4AaABAg,Ai why😂,7 hours ago,0,@solemntheory3788,,B6qaZfeDIH8,1,,
Ugz_e_y8Jjn3rmUeRbV4AaABAg,"""glazed like krispy Kreme""
😂",7 hours ago,0,@everyvillainislemons8712,,B6qaZfeDIH8,1,,
UgytkoDz6g6QNsOVTgx4AaABAg,I been watching this man since Machida-Jones fight,7 hours ago,0,@Xotanza,,B6qaZfeDIH8,1,,
UgySxgR6ohGh88Nh74h4AaABAg,"Don’t ever compare Jon to Tom you jones bias haters, Jon EARNED THE BELT, Tom was GIVEN THE BELT, you casual Tom glazers are insufferable lol 😂  Jon doesn’t have to prove himself to anyone, especially a newcomer 😑 how many times did jones fight someone & they said “this is the guy to beat Jones “ & it never happened lmfao 🤣",8 hours ago,0,@Deus.Vult1312,,B6qaZfeDIH8,1,,
UgwlhGtaiMtsOjXHdM14AaABAg,This is absolutely hilarous,8 hours ago,0,@Anidoesstuff,,B6qaZfeDIH8,1,,
UgxOqeBZI20kKLDGl8B4AaABAg,Transformed from a goat to a duck......🤣🤣🤣🤣🤣🤣🤣🤣🤣🤣🤣🤣🤣🤣🤣🤣,8 hours ago,0,@-kingofsaiyannappa-9057,,B6qaZfeDIH8,1,,
UgxSqA6bX8l3HmBsoaF4AaABAg,Hahahah pure gold,8 hours ago,0,@RuiR.,,B6qaZfeDIH8,2,,
UgwSIVqVoEfthiCCg5t4AaABAg,Lmao! I agree ai Jon 😂,9 hours ago,0,@bbowdown3391,,B6qaZfeDIH8,1,,
Ugwg2YYtLJQfaPGyJmZ4AaABAg,"""I went from the goat to the doat duck of all time""",9 hours ago,0,@icey07,,B6qaZfeDIH8,1,,
Ugw7KM4zurUbemkQiaN4AaABAg,Hahahaha,9 hours ago,0,@jamestierney6886,,B6qaZfeDIH8,1,,
UgzTZ3pCElxe2jQkVEF4AaABAg,AI,9 hours ago,0,@KwesiKurwakumire,,B6qaZfeDIH8,1,,
Ugwz5SOjZnhx73bavJh4AaABAg,I hope Jon sees this video,9 hours ago,0,@Ann_L_Plugs,,B6qaZfeDIH8,1,,
UgzVNIa1-fCoOhtwpLx4AaABAg,Yeah Jon Jones is being a b** for the whole time.,9 hours ago,0,@MusaibBasher,,B6qaZfeDIH8,1,,
Ugz3R24bhAxOVyqO2uB4AaABAg,Damn it’s really messed up that this is possible these days. They can make literally anything look real…. Even tho this one is speaking truth,10 hours ago,0,@chris10878,,B6qaZfeDIH8,1,,
UgzN7e9cQWfCfT_8bYt4AaABAg,AI generated garbage,10 hours ago,0,@ogloc8405,,B6qaZfeDIH8,1,,
UgzMXGHGpO3Oea1IXrx4AaABAg,People would respect him more if he actually came out saying it like this,10 hours ago,0,@Raccoonist1,,B6qaZfeDIH8,1,,
UgyLDpe5Q0xBvUmj_Gl4AaABAg,shame on you,10 hours ago,0,@rennohara376,,B6qaZfeDIH8,1,,
UgzYnOGspcc3fbjCq2R4AaABAg,This is real video 🎉❤❤,11 hours ago,0,@shilamahanty3455,,B6qaZfeDIH8,1,,
UgwK1CCaxWsoMTfm5bd4AaABAg,Haha greatest ai of all times,11 hours ago,0,@jepits,,B6qaZfeDIH8,1,,
UgzzKNVleoww1srRHt54AaABAg,Sweet now go to PFL and fight Ngannou,11 hours ago,0,@Nigel-p8m,,B6qaZfeDIH8,1,,
Ugw_CsfjkzG6g7xDdvR4AaABAg,If Jon fights Tom? Jon is going to get knocked for the second time in less than one year. After you have been knocked out in sparring or a bout? It's 6 month suspension.,11 hours ago,0,@ModaffariWill,,B6qaZfeDIH8,1,,
Ugw_pF8fzW98nOGG0OB4AaABAg,this got to be the most funniest shit ever this week.,11 hours ago,0,@Wathanakjin4,,B6qaZfeDIH8,1,,
UgzNOsRce6yuAnN2lI94AaABAg,Can Jon cluck like a chicken? He should be able too with 2 years of practice and everybody standing still in line waiting for him to make a decision. What a POS.....,11 hours ago,0,@tired7140,,B6qaZfeDIH8,1,,
UgzNOUcO7jgEM4_LsTR4AaABAg,DOAT 🗣️🔥🦆,11 hours ago,0,@YouTubeCommenter8,,B6qaZfeDIH8,1,,
UgxxX9XdrIqWwiVM0Ml4AaABAg,AI lol,11 hours ago,0,@nsh1772,,B6qaZfeDIH8,1,,
UgxVN5azGyWyw_5lRnB4AaABAg,"most truthful jones interview ever, thanks for sharing!",11 hours ago,0,@Africasideways,,B6qaZfeDIH8,1,,
UgxMzIHenctZmmrAZvV4AaABAg,There is nothing fake in this video 😂,11 hours ago,0,@alexandru0729,,B6qaZfeDIH8,1,,
UgyoBqwo_bvu-3Dp70l4AaABAg,It's not jon Jones talking that's AI,11 hours ago,0,@erichtsam4118,,B6qaZfeDIH8,1,,
UgxvByhDhCUEuqitFUd4AaABAg,another stupid A 1 video,11 hours ago,0,@ronfender8101,,B6qaZfeDIH8,1,,
UgzO59pDYlwVIh7WGpd4AaABAg,bruh this is the sport i follow above all else and finally the main man himself has blessed us with Ai,11 hours ago,0,@G.I_Jane,,B6qaZfeDIH8,1,,
UgyJgktr3S1JBFdPXD54AaABAg,W,11 hours ago,0,@bobliu9416,,B6qaZfeDIH8,1,,
UgwHIte_LIbQ1AidXbl4AaABAg,I hate AI allready,12 hours ago,0,@bjornnobels5167,,B6qaZfeDIH8,1,,
UgyLxilVEigAL4wd0tl4AaABAg,😂😂😂,12 hours ago,0,@MarvenTudas,,B6qaZfeDIH8,1,,
Ugxn005JlBwJqOmbE6p4AaABAg,Jon HAS to see this 😂,12 hours ago,0,@state0fdecay365,,B6qaZfeDIH8,1,,
UgwNk4YIC3wLym2qcSJ4AaABAg,To be fair he washed and didn’t have motivation to fight. His retirement wasn’t premature,12 hours ago,0,@MoeJaxon,,B6qaZfeDIH8,1,,
UgxLZSUIA37Zwr93hQl4AaABAg,Damn that’s scary good! The follow up latest police incident one gonna be a classic no doubt😂,12 hours ago,0,@cryptowatch-ed7cm,,B6qaZfeDIH8,1,,
Ugw7eV86se25l-5xdOR4AaABAg,🤣🤣🤣🤝🤝🤝,12 hours ago,0,@joeykcn2693,,B6qaZfeDIH8,1,,
UgyPOhfaaRby8dAYeAp4AaABAg,He did retire he escaped,12 hours ago,0,@jamescrews3516,,B6qaZfeDIH8,1,,
UgyXeIf2GctkdhQzryd4AaABAg,All I heard is quack quack quack 😅,12 hours ago,0,@EN19MA_627,,B6qaZfeDIH8,1,,
UgwfH6t-ogjpRz0ANBp4AaABAg,Knew it was ai 😂,12 hours ago,0,@WatchersReport,,B6qaZfeDIH8,1,,
Ugz0x-bCRhDmod1dcmd4AaABAg,Jon jones is the goat,12 hours ago,0,@billybucks8234,,B6qaZfeDIH8,1,,
UgxHv2CXamDTLu90--B4AaABAg,Stop 😂😂,12 hours ago,0,@Mark-bd5ci,,B6qaZfeDIH8,1,,
UgyaeEal-D27AlAj0d94AaABAg,Bahahahaha!🤣😅😂💀☠️,12 hours ago,0,@BobbyGreen-j9x,,B6qaZfeDIH8,1,,
UgxRGvoxZ3QeTWD6IrJ4AaABAg,"He was never the GOAT . Now maybe we can shift this to the real GOAT and thats the pride of Montreal,  George St Pierre",13 hours ago,0,@We_are_the_light,,B6qaZfeDIH8,1,,
UgxwAZOOe1vq86Wvle54AaABAg,"What a pathetic, cowardly way to go out. Shameful. 🦆🦆🦆😆😆😆",13 hours ago,0,@sahacking,,B6qaZfeDIH8,1,,
UgwfrbhBy_cizcER65t4AaABAg,Hahahahaha,13 hours ago,0,@TiddyYO,,B6qaZfeDIH8,1,,
UgxDLPoAQcBBcH-G67t4AaABAg,"Not sure what's more cringe. The seethe made video, or the fact that clowns pay out the ass to subscribe to simple video creation AI.",13 hours ago,0,@mick7727,,B6qaZfeDIH8,1,,
UgxaBOEzjh2aCXBWhER4AaABAg,"This is gold lmao

Thank you",13 hours ago,0,@WifeBeatingScum,,B6qaZfeDIH8,1,,
UgwqRC4ni-lkzAIkeql4AaABAg,Enjoy your retirement champ your definitely the LHW 🐐,13 hours ago,0,@mrrich0974,,B6qaZfeDIH8,1,,
Ugww-2xXGb_hZi6yL1J4AaABAg,😂😂😂,13 hours ago,0,@user-of1zk2ct5p,,B6qaZfeDIH8,1,,
UgwQrlEhg_GMj6h9Li14AaABAg,The truth is he’s past his best and there is nothing wrong with that he’s been an amazing fighter and champion but no one can argue he’s stagnated the best division in the sport by allowing the inactivity to creep in. I’d of respected  him more if he said listen I’ve loads of cash in the bank and I’ve no desire at my age and after however many fights to get in with a young hungry talented lad like Aspinall let him now have the floor. The thing is his ego won’t allow that so he comes on talking drivel making himself look daft!!,13 hours ago (edited),0,@obers7713,,B6qaZfeDIH8,1,,
UgwC3v7q5-A36UsZ_qN4AaABAg,Lol you guys are so brain broke. You need this lmao. Your fantasies are weird asf. Lets see what tom does now lol. You heard he called out blades? Lnao enjoy tom fighting noone lmao. Better hope francis doesnt come back lol. Tom will not brat him. Jon will come back to fight francis not tom lol. Toms only someone to wht mma fans who hate to see a blk champ.,13 hours ago,0,@bigfoots7019,,B6qaZfeDIH8,1,,
Ugxlu3zsJyx47XPDP3Z4AaABAg,:face-green-smiling: You knew this was coming.,13 hours ago,0,@robertcuratolo5339,24.0,B6qaZfeDIH8,1,,
UgwqBDzeorADmsEv0gN4AaABAg,You couldn't convince me that this was AI,13 hours ago,0,@zidansyahab2960,,B6qaZfeDIH8,1,,
Ugxpi5GsbcBsL-2_w0V4AaABAg,What a loser,13 hours ago,0,@tonypalermo5796,,B6qaZfeDIH8,1,,
Ugz7WtvMamVPANK_gYd4AaABAg,Excellent 🤣🤣🤣🤣🤣,13 hours ago,0,@ILoveHellas,,B6qaZfeDIH8,1,,
Ugx49vuahu67K1S7Dgh4AaABAg,"Tom was right he retired him without fighting him, glad your retired buddy, enjoy life and its rewards, God bless",13 hours ago,0,@rogerbarkley9264,,B6qaZfeDIH8,1,,
UgyLrMGud5tF6Ramwu54AaABAg,"Please make more boxing content too, would have loved to see the truth behind tyson furys retirement 😂",13 hours ago,0,@user-qt6xb1zz7q,,B6qaZfeDIH8,1,,
UgyR3t2kSfyxLJBGiAJ4AaABAg,So is so true!!! Full time duck and junkie Ai forgot to say,13 hours ago,0,@Fact_check4256,,B6qaZfeDIH8,1,,
UgwyMAXDw-hdzmUmUZl4AaABAg,I Thought this was real omg ai bas improved alot man damm!,13 hours ago,0,@LovepreetSingh-dz9yg,,B6qaZfeDIH8,1,,
Ugyknnkvy6Jcnx7Ltn54AaABAg,Course he did. Cause Jon's knows dam well .Tom would most likely be knocking his ass out. So when your afraid to fight someone and there is no way out cause he can't keep faking a injury. So he cops out like cowards do and retires.which is good cause the sport doesn't need part time fighters.like him .,13 hours ago,0,@JR-eh5br,,B6qaZfeDIH8,1,,
UgzEd7T4Hfm1gNbPpVB4AaABAg,This shit should be banned!?!.. 😖,14 hours ago,0,@paulh8909,,B6qaZfeDIH8,1,,
UgyGsspgDLMUEVOMwJx4AaABAg,quack quack,14 hours ago,0,@rendzen3586,,B6qaZfeDIH8,1,,
Ugzmr8DTGgcouPvc6E94AaABAg,lol,14 hours ago,0,@nerdimmunity7672,,B6qaZfeDIH8,1,,
UgyyeFZYlk8cE9RySOZ4AaABAg,"This is not fake, it's fictional.
These thoughts exist in all our minds, including Jon Duck Jones'. 
The AI simply produced a video, but it's fictional, not fake.",14 hours ago,0,@mattiacontarino4319,,B6qaZfeDIH8,1,,
Ugwowt3iyKEa5Rd-CG14AaABAg,Greatest duck of all time,14 hours ago,0,@goodygoodygumdrops5336,,B6qaZfeDIH8,1,,
UgwsuIPySXfLapvYWh14AaABAg,Ai need banning ffs,14 hours ago,0,@leonardhpls6,,B6qaZfeDIH8,1,,
UgxYhy_eS0i4I5DC_o14AaABAg,"Nothing fake about this video. It perfectly describes the real narrative. It was either retire and be known as the greatest duck of all time or become Ronda Rpusey 2.0 after a loss and getting his self worth, pride and ego completely destroyed. He wisely chose the best of the two worst outcomes.",14 hours ago,0,@MasterRYU01,,B6qaZfeDIH8,1,,
UgxRc5moHBMrEK2Pj6N4AaABAg,Truth,14 hours ago,0,@goodygoodygumdrops5336,,B6qaZfeDIH8,1,,
UgwI6e-tR0-4a90jg2t4AaABAg,Lmaooo this is how everyone should figure out Jones the duck retired 😂😂,14 hours ago,0,@ralleks,,B6qaZfeDIH8,1,,
UgxEBBqBxD5nBFRadh54AaABAg,This is amazing tou dont need ai for this this is what jon jones would say,14 hours ago,0,@JohnSmith-gr8jc,,B6qaZfeDIH8,1,,
UgzamaImmN3fJ6uNn6t4AaABAg,"I hope he sees this and makes a comeback😆
Finally we'll get something in HW division",14 hours ago,0,@Altair_1502,,B6qaZfeDIH8,1,,
UgwFNZ7D-qUIDDmssV94AaABAg,This is gold 😂😂😂,14 hours ago,0,@youtubeiscancer1,,B6qaZfeDIH8,1,,
Ugzk2zHwmWQZ3pZ0bdJ4AaABAg,Ai is crazy,14 hours ago,0,@redrum247,,B6qaZfeDIH8,1,,
UgxA4A6fEd2ELPkDhYl4AaABAg,Word for word accurate.,14 hours ago,0,@MarathonSilver,,B6qaZfeDIH8,1,,
UgzZc-mf8HuTucu4xcR4AaABAg,So proud of Jon for actually admitting he was petrified of tom i actually now have a tiny bit of respect back for for him well done chump 😂,14 hours ago,0,@Rossco.the.pro.dosser,,B6qaZfeDIH8,1,,
UgzaFQMF2mK_pTtEHVt4AaABAg,Confession 😂,14 hours ago,0,@wdilankakmw,,B6qaZfeDIH8,1,,
UgwYn3obhi4EEItGrOt4AaABAg,Haters will say it's AI,14 hours ago (edited),0,@Submergedshot,,B6qaZfeDIH8,7,,
Ugz_ao2dXUHZ7Hl6Yax4AaABAg,Aspinall anxiety lmao,14 hours ago,0,@davi6922,,B6qaZfeDIH8,1,,
UgybnhEg_8voE7aFfxt4AaABAg,Im telling my friends that dont watch MMA that this is Jon Jones official retirement statement 😂❤,14 hours ago,0,@sibusisondaba4354,,B6qaZfeDIH8,1,,
UgyRAbCrQ5M5CqOc-eF4AaABAg,"Lol, isn't Jones a kick boxer mainly tho",14 hours ago,0,@bananaman5704,,B6qaZfeDIH8,1,,
UgzgvTah7yVnHXaWGRh4AaABAg,"Don't be scared of Tom. Bruce lee beat joe lewis who was 65lb bigger, 55 years ago.
I'm a fan of yours jon jones. You are the GOAT imo, but without Tom on your resume you will on ly be goat for 8 years. With Tom on resume you will be goat for 20 years",14 hours ago (edited),0,@iluvcliffrichard,,B6qaZfeDIH8,1,,
UgxwY4W6QldeqRhG3NN4AaABAg,Hahahahahaha 😂,14 hours ago,0,@bennibenassi5657,,B6qaZfeDIH8,1,,
UgyY7LkHr2QEzsJOYvt4AaABAg,My LGBT 🐐 NOOOOOOOO,14 hours ago,0,@yusufthegreat1232,,B6qaZfeDIH8,1,,
UgzYeuookICrhKlvCUV4AaABAg,brilliant,14 hours ago,0,@TheUndead1,,B6qaZfeDIH8,1,,
UgxdV1Y-DyvTOpBA8t54AaABAg,Good riddance scumbag.  Hopefully he just goes away and keeps his hands to himself in his retirement.,14 hours ago,0,@detangojet,,B6qaZfeDIH8,1,,
UgxcHi4h5A8woBokdTB4AaABAg,2 years of Ducking dodging and dissappearing soul filed for unemployment 🔥💯🤣🤣🤣🤣,14 hours ago,0,@CurtisWiggins-z3p,,B6qaZfeDIH8,1,,
Ugwe9lTHY-pnykQLzHR4AaABAg,"Jones vs Comier: I'm younger I'm faster I'm stronger 😏😈

Jones vs Aspinall: he's younger he's faster he's stronger 😰😬",14 hours ago (edited),0,@3bladeninja21,,B6qaZfeDIH8,5,,
Ugw17FfoRtAr9mvuNMR4AaABAg,AI bull$hit,15 hours ago,0,@adammcnamara5027,,B6qaZfeDIH8,1,,
UgyoJQpPjfFS76r9IRF4AaABAg,He’s definitely scared of Tom,15 hours ago,0,@McFly8245,,B6qaZfeDIH8,1,,
Ugx33EGXEFuLSC2RF9d4AaABAg,AI Jon Jones is more honest than real life Jon Jones. Quack quack,15 hours ago,0,@T3hPwnerer,,B6qaZfeDIH8,1,,
UgzBvANENHs5K2M4QuF4AaABAg,Goat to a duck..,15 hours ago,0,@Zawazuki,,B6qaZfeDIH8,1,,
Ugx3ChvpcLUZzFR5hr54AaABAg,🤣👏👏👏👏👏👏,15 hours ago,0,@razvanmarcu3640,,B6qaZfeDIH8,1,,
UgyITRangb3SaZMIp0d4AaABAg,Coward coward duck.,15 hours ago,0,@holyfieldism,,B6qaZfeDIH8,1,,
UgybZtgAsYvAPqOQzul4AaABAg,Quack QUACK,15 hours ago,0,@AnthonyTaylor-gf4lq,,B6qaZfeDIH8,1,,
UgxtedTkkavLNdiQGlh4AaABAg,Coward,15 hours ago,0,@jaycee571,,B6qaZfeDIH8,1,,
UgxMAJ00IWEculiwwUF4AaABAg,"Esto no es real, es IA",15 hours ago,0,@nelastmartinez9677,,B6qaZfeDIH8,1,,
UgwnMF3tdgKQnRUWbjV4AaABAg,Jon Chicken Bones Jones,15 hours ago,0,@Wyldout,,B6qaZfeDIH8,1,,
UgyyDIwCKLNM55a_5WJ4AaABAg,😂 the sincere honesty is appreciated,15 hours ago,0,@gotur,,B6qaZfeDIH8,11,,
Ugx7prD9df3OdZO6j9R4AaABAg,Sounds about right 😂,15 hours ago,0,@gohanson8846,,B6qaZfeDIH8,1,,
Ugw70_27hlIiHG7ROhZ4AaABAg,Ha superb.,15 hours ago,0,@mr-legionnaire,,B6qaZfeDIH8,1,,
UgxHZnUUf2cSbyk5Tph4AaABAg,If this gets just a hair better you really won't be able to tell fake from real and then where will we be?  Most of what we 'know' about our world is things we've seen video of.,15 hours ago,0,@unholysix6883,,B6qaZfeDIH8,1,,
UgzUIRD2Pov3QVBVBSN4AaABAg,Aspinall Anxiety 🤣🤣,15 hours ago,0,@jedzy,,B6qaZfeDIH8,1,,
UgyhX3uIkYt33EV65H14AaABAg,Aspinall needed the fight not Jon most of tou don't understand how it  Goes in UFC remember when Jon needed that Francis Enganu fight but he retired 🤔 if u want it more than the champ then the money has to be right,15 hours ago,0,@rodwellmartinboro4768,,B6qaZfeDIH8,1,,
UgxZ93tmtQSYq3zyZiJ4AaABAg,😂😂😂😂,15 hours ago,0,@unknownuser_13,,B6qaZfeDIH8,1,,
UgwofgvzMOgwFGkfZwB4AaABAg,"""dodge, duck, dip, dive, and dodge""",15 hours ago,0,@thehammer8865,,B6qaZfeDIH8,4,,
UgxYM6waHUWEnnzo53B4AaABAg,Techincally Alex made this duck retire by losing to that tall dargestan.,16 hours ago,0,@YU-if7yk,,B6qaZfeDIH8,1,,
Ugyxp12N7-ppcza_kSV4AaABAg,"I think this is one of the best things I've watched, like ever. F*ckin' slow f*ckin clap my good man, slow f*ckin' clap",16 hours ago,0,@SakuraSynapse,,B6qaZfeDIH8,1,,
Ugz_In7OFljSxsUQX2R4AaABAg,Haha Fantastic!😂,16 hours ago,0,@Jay-e4e5r,,B6qaZfeDIH8,1,,
Ugy8PWrpJ-YEqPr5cvZ4AaABAg,The dope,16 hours ago,0,@deanlumsden5195,,B6qaZfeDIH8,1,,
Ugy8q9Iq3vA7xMMwME94AaABAg,"EVEN THO THIS IS FAKE ,IT LOOKS SO DAMN REAL, VEST WORK BY AI I've ever seen",16 hours ago,0,@Elpepito1,,B6qaZfeDIH8,1,,
UgzmW71K2ftTwVYbdNF4AaABAg,😂😂,16 hours ago,0,@shokirovich.01,,B6qaZfeDIH8,1,,
Ugz8X1Ep0FS5fvisyPx4AaABAg,Ai,16 hours ago,0,@abba1881,,B6qaZfeDIH8,1,,
UgxnKlcKqCg5C5qvNw54AaABAg,very true,16 hours ago,0,@rajannakarmi,,B6qaZfeDIH8,1,,
UgzXXAN-a3rVGJbjmDt4AaABAg,Seems accurate to me.,16 hours ago,0,@MrCew73,,B6qaZfeDIH8,2,,
Ugx8XxOIWDRzYK5sOoZ4AaABAg,"Although it's fake, it is every bit the real portrayal of the situation.",16 hours ago,0,@maskofsorrow,,B6qaZfeDIH8,148,,
Ugz3D6NP30dTbgxx_TF4AaABAg,MAKE THIS SO POPULAR IT'S REAL,16 hours ago,0,@Vi_XXiV,,B6qaZfeDIH8,1,,
UgwacYjEBIaF9IXurfx4AaABAg,"Tom really meant what he said😂

But in reality this was a smart move he retired undefeated people will call him a coward but in 10 years it won't matter his legacy will stay intact and he'll always be the goat",16 hours ago,0,@TshepisoSolutions,,B6qaZfeDIH8,2,,
Ugyhyynh46ojGdXkgVR4AaABAg,I want Tom to react to this,16 hours ago,0,@SkynetCyberdyneSystemsT1000,,B6qaZfeDIH8,3,,
UgwVmjNPfjZRzpKnD_l4AaABAg,"Please cover cricket too 


People would love that(including me)",16 hours ago,0,@Lucpatil,,B6qaZfeDIH8,1,,
UgxIwv9xmmxiDqISfWh4AaABAg,Ai is really dangerous😮😅,16 hours ago,0,@Hedayzdaremedayz,,B6qaZfeDIH8,1,,
UgxWIw8Vjn5Ew5djhFh4AaABAg,This CGI?,16 hours ago,0,@casimirtenhave571,,B6qaZfeDIH8,1,,
UgyhY60dkaO5tXjykDh4AaABAg,is this AI,16 hours ago,0,@Namanvir36,,B6qaZfeDIH8,1,,
UgwuX5BJYuScbii4yph4AaABAg,I will miss you 🥺,17 hours ago,0,@Danawhite29,,B6qaZfeDIH8,3,,
UgyiJ7iriwsQceVR6AF4AaABAg,Ayo this is hilarious 😂.. this will hit millions of views in the future we’ll look back at laugh at this hard… the truth and the internet is undefeated,17 hours ago,0,@Soundboy817,,B6qaZfeDIH8,2,,
UgwySsX4ggIFwZnuIzd4AaABAg,Fake,17 hours ago,0,@keving1774,,B6qaZfeDIH8,1,,
Ugz-QiRr_x_pYufBFrF4AaABAg,😂 the glazing tom fans are losing it,17 hours ago,0,@C_Alexndr,,B6qaZfeDIH8,1,,
Ugxd7_wrdP8lv75m97x4AaABAg,jon is a fraud and a ped cheater,17 hours ago,0,@haroonrasheed-m5q,,B6qaZfeDIH8,1,,
Ugw8BJAp4x7dn78GNMF4AaABAg,AI,17 hours ago,0,@chrisnewera1992,,B6qaZfeDIH8,1,,
UgyNDsRAv6eXZxqKRft4AaABAg,A fake AI video has never been more accurate 😂,17 hours ago,0,@nathanhartono91,,B6qaZfeDIH8,194,,
UgyLoQlbzoOSWQm8-c14AaABAg,Send him this video,17 hours ago,0,@JoeInTheElement,,B6qaZfeDIH8,1,,
UgyvHlJfmiJJA1lm2N54AaABAg,Do more of these,17 hours ago,0,@DG_Haus,,B6qaZfeDIH8,1,,
Ugwd55ZAzPS4KqcVIZl4AaABAg,reported,17 hours ago,0,@jebrengl,,B6qaZfeDIH8,1,,
UgxOwmv3tSbL3BJ3z094AaABAg,Ai !,17 hours ago,0,@SokaPG,,B6qaZfeDIH8,1,,
UgwMPcBWoAs1-596n0h4AaABAg,Wow jj finally telling his truth,17 hours ago,0,@mattyy101,,B6qaZfeDIH8,1,,
UgxuZ6ywVpAMe6Q7s2N4AaABAg,I don't get it if he was gonna retire why didn't he retire 2 years ago. Tom  aspenal would have come eventually anyways no matter what. So why stall for 2 years,17 hours ago (edited),0,@darkknight-rf1br,,B6qaZfeDIH8,2,,
UgxAXPxXEgZjXi_CHGx4AaABAg,Guys that's fake AI shit,17 hours ago,0,@mz467,,B6qaZfeDIH8,1,,
UgzeHAOXSjPrcY_WHWx4AaABAg,"Fake or not, this is the realist stuff Jones has said in years.",17 hours ago,0,@mrvrose9999,,B6qaZfeDIH8,58,,
UgxnC-RWAa_PewFEadt4AaABAg,lmao ai is great these days,18 hours ago,0,@5bgh5bgh43,,B6qaZfeDIH8,1,,
UgxKF7MuqT3RKzk0igF4AaABAg,Fake Ai,18 hours ago,0,@GANGSTAR454,,B6qaZfeDIH8,1,,
UgwcumREgsci5MmCFJR4AaABAg,God bless john jones i love it,18 hours ago,0,@Salmanovalex,,B6qaZfeDIH8,1,,
Ugy-1z4R6fRFG1NTrYt4AaABAg,Why the hell its look like AI,18 hours ago,0,@aamirofficial88,,B6qaZfeDIH8,1,,
UgzbtYlOUAyDiItKxHZ4AaABAg,You forgot to mention he beats his wife ☠️☠️,18 hours ago,0,@jackie12987,,B6qaZfeDIH8,1,,
UgyJZIiQfNAq2t7ajDR4AaABAg,thats why hes the doat...THE DOAT,18 hours ago,0,@blumpkins8000,,B6qaZfeDIH8,4,,
UgyjTJruRfV0c3E-MrF4AaABAg,Ai fried lol,18 hours ago,0,@QuanJon-l8f,,B6qaZfeDIH8,1,,
UgzzsZ2AfnUnzhH1zHp4AaABAg,Joke is this is real not AI 😅,18 hours ago,0,@AwareWolfOnWheels,,B6qaZfeDIH8,1,,
UgxOC5WdxfaSC7yd7eZ4AaABAg,Bro watch all sports 😂,18 hours ago (edited),0,@CeruleanEyesOfWind,,B6qaZfeDIH8,4,,
UgzZ8wM5Wks3i6fzq6h4AaABAg,this video real or AI,18 hours ago,0,@ceritasambilan,,B6qaZfeDIH8,1,,
UgzC1t3dvIs5o8qUPkB4AaABAg,Jon Jones the greatest of all time 🐐,19 hours ago,0,@adampro5638,,B6qaZfeDIH8,1,,
UgyK1osotrytxi6OkrR4AaABAg,PTAD - Pre Traumatic Aspinall Disorder,19 hours ago,0,@shadysmemes,,B6qaZfeDIH8,4,,
Ugw1B3oUNBR1TDZqAmB4AaABAg,''Aspinall anxiety'' 💀,19 hours ago,0,@shadysmemes,,B6qaZfeDIH8,36,,
UgwSIaZLNDjVjVov7Sp4AaABAg,DangerousAI is the only source I trust for breaking news and sports analysis across all televised sporting events. Truly the GOAT.,19 hours ago,0,@sheepherder911,,B6qaZfeDIH8,9,,
UgxvYsPoGl4fphE5R_94AaABAg,This is the only AI i have ever enjoyed. Lmfao,19 hours ago,0,@bryanbruce-p8o,,B6qaZfeDIH8,8,,
UgzzgxbQ2OTRfCgRnBt4AaABAg,"and you kids think if it wasn't on the internet it didn't happen or isnt true , ok it explains so much",19 hours ago,0,@TangLung-f3z,,B6qaZfeDIH8,1,,
Ugy5inNAZBkmKQdjrfp4AaABAg,DOAT😂😂,19 hours ago,0,@SKYWALKER____,,B6qaZfeDIH8,1,,
Ugy42OuFCYV3LFDA14d4AaABAg,😂😂😂,19 hours ago,0,@Americasboyfriend,,B6qaZfeDIH8,1,,
UgyHd0SL4wGt9IjkeDN4AaABAg,You're a little coward...,19 hours ago,0,@globaltruth6788,,B6qaZfeDIH8,1,,
UgzS0rQd8ha4UxdkuQl4AaABAg,If coke jones sees this video he's gonna tell you how successful he is and how he does not work a 9-5,19 hours ago (edited),0,@ciaofficial1723,,B6qaZfeDIH8,2,,
UgwOTsw76y2XyZC7O4Z4AaABAg,Jon got gray hair old as shit now was fighting since I was literally in high school and I’m 33 now  by the way man has beatin everyone from each generation from the 2000s to the 2010s and even the 2020s went up to heavyweight fought what people said was the baddest man at heavyweight at the time whooped him within an eyeblink then beat the guy they said was the greatest heavyweight of all time stipe whooped him like he stole his lunch money and my man has been slandered for damn near 20 years by the same people they claim are fans then he wants to finally hang it up and ride off into the sunset and all yall can do is say he ducked tom when he has fought the baddest of the baddest for 15 plus years  yall think some like Irish British leprechaun scares him? Really naw rampage scared him to the point he had nightmares about getting knocked out by him and idk how old some of yall are but rampage made everyone scared back then tom doesn’t put that fear into anyone but nerds 😂 let my man ride off into the sunset with his head held high with everything he has accomplished the only ufc fighter to truly go undefeatedand hold the title fight record and oh everyone Jon ever fought was a tom that was the new guy everyone thought would beat Jon then they got proven wrong,19 hours ago,0,@MrTheHeadlines,,B6qaZfeDIH8,1,,
UgwphCGkJrsniJGBw1V4AaABAg,"Jon Jones - I'm a trashcan, I'm a bum, Tom made me turn ghost when Dana needed me the most.",19 hours ago,0,@KanelingManling,,B6qaZfeDIH8,5,,
UgxgFLhc-IWw6FhLNIF4AaABAg,I actually don’t like this.,19 hours ago,0,@vengeance8924,,B6qaZfeDIH8,1,,
UgwMLqCMaN9C3NTSnYJ4AaABAg,Dana must be shedding tears lmao,19 hours ago,0,@NishantKumar12284,,B6qaZfeDIH8,1,,
UgwF4GBRe70_UlE_AtB4AaABAg,"""My Soul filed for Unemployment."" LMAO!!!",20 hours ago,0,@echecroi,,B6qaZfeDIH8,36,,
UgwO1icTvQEPmPo0eHR4AaABAg,Bro you gotta do F1 eventually 😂,20 hours ago,0,@ryuzakikazeshini4012,,B6qaZfeDIH8,1,,
UgwSRYCWCbRM8A46UTp4AaABAg,Jones was that one fight a year kind of duck.,20 hours ago,0,@roybatty-,,B6qaZfeDIH8,5,,
UgwHcgSUyya2ulQRwHV4AaABAg,"Please do more hockey, brother ✌💥",20 hours ago,0,@x37__o90,,B6qaZfeDIH8,1,,
UgxwNYElIH_3jKqH8zp4AaABAg,"Bro has been scoping my cjax comments. Lol not mad at you, if i inspired you i'm flattered.",20 hours ago,0,@standardofexcellence,,B6qaZfeDIH8,1,,
UgxNBbwvQVcS5vSjbkN4AaABAg,This is how I find out Jon Jones retires 💀,20 hours ago,0,@HIHi-os1lr,,B6qaZfeDIH8,253,,
UgzPg96QkgAJHWl0R2Z4AaABAg,"YES!! Finally!! ""Defended me through every scandal, suspension, and steroid test"". lol. Good one, bro. Good one.",20 hours ago,0,@yahmoht6470,,B6qaZfeDIH8,23,,
Ugzf09X4-BeuFBFTKJt4AaABAg,Aspinall anxiety lmao,20 hours ago,0,@Matt-ji9hj,,B6qaZfeDIH8,22,,
Ugwh5gOOsAiElUUUjw14AaABAg,He was always over rated. UFC fans no nothing about MMA.,20 hours ago,0,@Omar-xg3lm,,B6qaZfeDIH8,2,,
UgxVmjqPgbN8C_Sh5xJ4AaABAg,😂😂😂😂,20 hours ago,0,@RichMills23,,B6qaZfeDIH8,2,,
UgwWiajmvHwbNZy5RwF4AaABAg,"😂 ""I run from real heavyweights like the scene of one my car accidents. I call them Sheriff Aspinall and Parole Officer Ngannou.""",20 hours ago,0,@RonaldMcPaul,,B6qaZfeDIH8,3,,
UgzpWZuO-AnFKl_zUal4AaABAg,no sport is safe and im here for every second of it  😂😂,21 hours ago,0,@JoãoGuilherme-f5w4s,,B6qaZfeDIH8,114,,
UgxffRMNOB9hyFojAON4AaABAg,Jon Jones is the Diddy of UFC.,21 hours ago,0,@siddhantsharma5300,,B6qaZfeDIH8,77,,
